序号,链接,节点数
0,https://HBHhSI.absslk.xyz/fb6f1622c9621668dcad5046c61f2fd3,0
1,https://Ui9Pqw.mcsslk.xyz/2ec0bc30f6dbbe090f341ad0cd8b8ddd,0
2,https://gitlab.com/colloq168/nodefiltrate/-/raw/main/filtrate?ref_type=heads,164
3,https://raw.githubusercontent.com/Alvin9999/pac2/master/clash.meta2/1/config.yaml,0
4,https://raw.githubusercontent.com/Alvin9999/pac2/master/clash.meta2/13/config.yaml,0
5,https://raw.githubusercontent.com/Alvin9999/pac2/master/clash.meta2/15/config.yaml,0
6,https://raw.githubusercontent.com/Alvin9999/pac2/master/clash.meta2/2/config.yaml,0
7,https://raw.githubusercontent.com/Alvin9999/pac2/master/clash.meta2/config.yaml,0
8,https://raw.githubusercontent.com/Huibq/TrojanLinks/master/links/vmess,0
9,https://raw.githubusercontent.com/Surfboardv2ray/TGParse/main/python/hy2,0
10,https://raw.githubusercontent.com/Surfboardv2ray/TGParse/main/python/hysteria2,3
11,https://raw.githubusercontent.com/qjlxg/hy2/main/splitted/hy2,17
12,https://raw.githubusercontent.com/ripaojiedian/freenode/main/clash,21
13,https://raw.githubusercontent.com/ripaojiedian/freenode/main/sub,24
14,https://raw.githubusercontent.com/zhangkaiitugithub/passcro/main/speednodes.yaml,133
15,dynamic://peasoft,0

总计,,345
